Job_Title,Future_Demand_Score
Software Developer,0.6273780487804879
Product Manager,0.6222292993630573
Data Scientist,0.6217105263157895
Business Analyst,0.6201418439716312
Cybersecurity Analyst,0.6166666666666667
IoT Specialist,0.6141666666666666
Prompt Engineer,0.6083552631578947
Healthcare Analyst,0.6038775510204082
Teacher,0.602875816993464
Machine Learning Engineer,0.6024203821656051
