Job_Title,Average_Salary_USD
HR Specialist,131881.74233128835
Cloud Architect,131847.29457364342
IoT Specialist,130848.79166666667
Business Analyst,129792.5744680851
Teacher,129674.26797385621
Data Engineer,129308.74834437086
Product Manager,129052.35031847133
Digital Marketer,128626.3880597015
UX Designer,126833.80379746835
Data Scientist,126710.23684210527
