Job_Title,AI_Replacement_Risk
DevOps Engineer,0.5690131578947368
Cloud Architect,0.563875968992248
IoT Specialist,0.5266666666666667
Prompt Engineer,0.5222368421052631
Teacher,0.5204575163398693
Healthcare Analyst,0.5182312925170068
Data Engineer,0.516953642384106
Cybersecurity Analyst,0.5101851851851852
Robotics Engineer,0.5067283950617284
Blockchain Developer,0.5056774193548387
