Job_Title,AI_Replacement_Risk
UX Designer,0.46044303797468356
Data Scientist,0.4702631578947369
Machine Learning Engineer,0.47222929936305735
Business Analyst,0.4734751773049646
AI Engineer,0.4764516129032258
Financial Analyst,0.48531468531468536
Product Manager,0.4864331210191083
Digital Marketer,0.4894029850746269
HR Specialist,0.4922085889570552
Software Developer,0.4969512195121951
